Category,Sub-Category,Post
News and Information,Breaking News,"Earthquake hits California, magnitude 6.5."
News and Information,Politics,Presidential election results announced: Candidate A wins by a narrow margin.
News and Information,Technology,New iPhone 15 features leaked: Triple-camera setup and 5G support.
News and Information,Science,Scientists discover a new species of deep-sea fish off the coast of Australia.
News and Information,Business and Finance,Stock market plunges as trade tensions escalate between major economies.
News and Information,Health and Wellness,"Study finds link between diet and mental health. Eat well, feel better!"
News and Information,Sports,Record-breaking performance at the Olympics: Athlete wins 10 gold medals.
Personal Updates,Life Events,Just got engaged! Feeling blessed and excited for the journey ahead.
Personal Updates,Milestones,"Reached 1000 followers on Instagram! Thanks for the support, everyone."
Personal Updates,Personal Achievements,Graduated with honors. Hard work pays off!
Personal Updates,Travel Experiences,Backpacking through Europe. Exploring new cultures and making memories.
Personal Updates,Daily Activities,Enjoying a lazy Sunday afternoon with a good book and a cup of tea.
Entertainment,Memes and Humor,Current mood after a long day at work: ğŸ˜´
Entertainment,Movies and TV Shows,Just binge-watched the latest season of 'Stranger Things'. Mind-blown!
Entertainment,Music,New album release: Listen to the hottest tracks of the summer!
Entertainment,Celebrities and Gossip,Celebrity couple announces their engagement. #RelationshipGoals
Entertainment,Gaming,Excited for the launch of the new gaming console. Pre-order yours now!
Product and Service Promotion,Advertising,"Introducing our new line of eco-friendly reusable water bottles. Stay hydrated, save the planet!"
Product and Service Promotion,Product Launches,Exciting news! Our company is launching a revolutionary smart home device next month.
Product and Service Promotion,Sales and Discounts,Flash sale alert: Get 50% off on all fashion items. Limited time offer!
Product and Service Promotion,Reviews and Testimonials,Read what our customers are saying about our latest product. #CustomerFeedback
Product and Service Promotion,Sponsored Content,Partnering with influencers to showcase our brand's latest collection. #Ad
Opinions and Discussions,Social Issues,Climate change is real and urgent action is needed. Let's all do our part.
Opinions and Discussions,Debates and Controversies,Join the debate: Should college education be free for all?
Opinions and Discussions,Polls and Surveys,Conducting a survey on public transportation preferences. Share your thoughts!
Opinions and Discussions,Reviews,Reviewing the latest blockbuster movie. Spoiler-free opinions inside!
Opinions and Discussions,Personal Opinions,Sharing my thoughts on the importance of mental health awareness.
Educational Content,Tutorials and How-tos,Learn how to cook a delicious pasta with our step-by-step tutorial!
Educational Content,Educational Resources,Free online course on machine learning. Enroll now and enhance your skills!
Educational Content,Tips and Tricks,Top 10 productivity hacks to boost your efficiency at work.
Educational Content,DIY Projects,Get creative with our DIY home decor ideas. Transform your space on a budget!
Educational Content,Academic Content,New research study suggests a link between sleep deprivation and memory loss.
Inspiration and Motivation,Quotes,"""Success is not final, failure is not fatal: It is the courage to continue that counts."" - Winston Churchill"
Inspiration and Motivation,Inspirational Stories,Read the inspiring story of a cancer survivor who climbed Mount Everest.
Inspiration and Motivation,Motivational Videos,Watch this motivational video to kickstart your day with positivity.
Inspiration and Motivation,Personal Development,Committing to personal growth and self-improvement. #SelfCare
Inspiration and Motivation,Success Stories,From dropout to CEO: The inspiring journey of a self-made entrepreneur.
Events and Announcements,Event Invitations,You're invited to our annual charity gala event. RSVP now!
Events and Announcements,Announcements,Important announcement: Changes to our company's operating hours. Please take note.
Events and Announcements,Birthdays and Celebrations,Celebrating my grandmother's 80th birthday today! ğŸ‰
Events and Announcements,Community Events,Join us for a community cleanup event this weekend. Let's make a difference together!
Events and Announcements,Fundraisers,Supporting a local charity fundraiser. Donate now to make a positive impact!
Food and Lifestyle,Recipes,Discover a new recipe for a refreshing summer salad!
Food and Lifestyle,Food Photography,Check out this mouth-watering photo of a gourmet burger.
Food and Lifestyle,Restaurant Recommendations,Found a hidden gem: Authentic Italian restaurant with amazing pasta dishes.
Food and Lifestyle,Fitness and Wellness,Starting the day with a yoga session. Namaste ğŸ§˜â€â™‚ï¸
Food and Lifestyle,Fashion and Style,New fashion trends for the season. Stay stylish with our latest collection!
Travel and Exploration,Travel Diaries,Sharing my travel experiences from my recent trip to Japan. ğŸ‡¯ğŸ‡µ
Travel and Exploration,Destination Recommendations,Planning a getaway? Explore these breathtaking destinations for your next vacation.
Travel and Exploration,Adventure Stories,Embark on a thrilling adventure with our guide to hiking in the Grand Canyon.
Travel and Exploration,Travel Tips,Traveling on a budget: Tips for saving money while exploring the world.
Travel and Exploration,Cultural Experiences,Immersing myself in the local culture: Trying traditional dishes and learning new customs.
News and Information,Breaking News,Wildfire outbreak reported in Australia. Authorities issue evacuation orders.
News and Information,Politics,"Political unrest escalates in region, prompting international concern."
News and Information,Technology,New breakthrough in renewable energy technology promises greener future.
News and Information,Science,Researchers discover potential treatment for common cold virus.
News and Information,Business and Finance,Global stock markets rally as trade tensions ease between major economies.
News and Information,Health and Wellness,Study finds association between regular exercise and improved mental health.
News and Information,Sports,Local team secures championship title after nail-biting final match.
Personal Updates,Life Events,Celebrating 10th wedding anniversary with my partner. Grateful for the journey together.
Personal Updates,Milestones,Completed first marathon. Overcame challenges and achieved personal best.
Personal Updates,Personal Achievements,Promoted to senior management position at work. Hard work pays off!
Personal Updates,Travel Experiences,Exploring scenic countryside on road trip adventure with friends.
Personal Updates,Daily Activities,Enjoying peaceful morning walk in the park. Nature's beauty is rejuvenating.
Entertainment,Memes and Humor,Relatable meme about Monday mornings circulating on social media.
Entertainment,Movies and TV Shows,Excited for the premiere of highly anticipated movie sequel. Countdown begins!
Entertainment,Music,New album release from favorite artist. Soundtrack for the weekend sorted!
Entertainment,Celebrities and Gossip,Rumors swirl as celebrity couple spotted together at exclusive event.
Entertainment,Gaming,Reviewing latest video game release. Gameplay highlights and honest opinions.
Product and Service Promotion,Advertising,Introducing innovative home automation system for convenience and energy efficiency.
Product and Service Promotion,Product Launches,Launching limited edition fashion line inspired by global travel. Exclusively online.
Product and Service Promotion,Sales and Discounts,End-of-season sale now live! Grab stylish outfits at unbeatable prices.
Product and Service Promotion,Reviews and Testimonials,Customers rave about quality and durability of our latest product line.
Product and Service Promotion,Sponsored Content,Partnering with influencers to showcase our brand's commitment to sustainability.
Opinions and Discussions,Social Issues,Discussing impact of fast fashion on environment. Sustainable fashion movement gaining traction.
Opinions and Discussions,Debates and Controversies,Debate heats up on social media over controversial government policy. Voices heard on both sides.
Opinions and Discussions,Polls and Surveys,Conducting survey on public opinion regarding upcoming election. Have your say!
Opinions and Discussions,Reviews,Reviewing latest tech gadgets. Honest opinions and recommendations for tech enthusiasts.
Opinions and Discussions,Personal Opinions,Sharing personal reflections on importance of mental health awareness and self-care practices.
Educational Content,Tutorials and How-tos,Step-by-step tutorial on mastering photography skills. Capture life's moments like a pro!
Educational Content,Educational Resources,Free online course on financial literacy. Learn to manage finances effectively.
Educational Content,Tips and Tricks,Top productivity tips for busy professionals. Maximize efficiency and achieve goals.
Educational Content,DIY Projects,Get creative with DIY home decor projects. Transform living spaces with personalized touches.
Educational Content,Academic Content,Latest research findings on impact of social media on mental health. Insights for researchers and practitioners.
Inspiration and Motivation,Quotes,"""Believe you can and you're halfway there."" - Theodore Roosevelt"
Inspiration and Motivation,Inspirational Stories,Read inspiring story of overcoming adversity and achieving success against all odds.
Inspiration and Motivation,Motivational Videos,Watch motivational video on resilience and perseverance. Empowering message for all.
Inspiration and Motivation,Personal Development,Committing to personal growth and continuous improvement. Empowering journey begins now.
Inspiration and Motivation,Success Stories,Celebrating success stories of individuals who turned dreams into reality. Inspiration for all!
Events and Announcements,Event Invitations,"Inviting community to charity fundraiser event. Together, we can make a difference!"
Events and Announcements,Announcements,Important announcement regarding upcoming changes to company policies. Stay informed.
Events and Announcements,Birthdays and Celebrations,Celebrating milestone birthday with friends and family. Grateful for another year of blessings.
Events and Announcements,Community Events,"Joining hands with community for environmental cleanup drive. Together, we can create positive change."
Events and Announcements,Fundraisers,Supporting local charity fundraiser for underprivileged children. Donate generously for brighter future.
Food and Lifestyle,Recipes,Discover delicious recipe for homemade pizza. Perfect for cozy nights in!
Food and Lifestyle,Food Photography,Capturing vibrant colors of fresh farmers' market produce. Nature's bounty at its finest!
Food and Lifestyle,Restaurant Recommendations,Sharing favorite hidden gem restaurant with authentic cuisine. Foodie paradise awaits!
Food and Lifestyle,Fitness and Wellness,Starting fitness journey with morning yoga routine. Strengthen body and mind for holistic health.
Food and Lifestyle,Fashion and Style,Exploring latest fashion trends for upcoming season. Elevate style game with trendy wardrobe updates!
Travel and Exploration,Travel Diaries,Documenting travel adventures through picturesque landscapes and cultural experiences.
Travel and Exploration,Destination Recommendations,Discovering off-the-beaten-path destinations for immersive travel experiences.
Travel and Exploration,Adventure Stories,Embarking on adrenaline-fueled adventure in pursuit of breathtaking views and unforgettable memories.
Travel and Exploration,Travel Tips,Sharing insider travel tips for seamless vacation planning and unforgettable adventures.
Travel and Exploration,Cultural Experiences,Immersing in rich cultural heritage through traditional rituals and authentic cuisine.
News and Information,Health and Wellness,"Tips for improving mental health: prioritize self-care, exercise regularly, and seek support when needed."
News and Information,Sports,"Local team wins championship title after an intense season. Congratulations to all the players and coaches!"
Personal Updates,Life Events,Just welcomed a new addition to the family! Feeling grateful and overwhelmed with love.
Personal Updates,Milestones,Celebrating one year anniversary at my dream job. Reflecting on lessons learned and achievements unlocked.
Entertainment,Memes and Humor,"Relatable meme: when you have a million tabs open but can't find the one you need."
Entertainment,Celebrities and Gossip,Excitement builds as rumors of a celebrity reunion movie swirl on social media.
Product and Service Promotion,Advertising,"Introducing our latest skincare line infused with natural ingredients. Say hello to glowing skin!"
Opinions and Discussions,Social Issues,Discussing gender equality in the workplace: addressing biases and advocating for equal opportunities.
Opinions and Discussions,Reviews,Reviewing the latest best-selling novel: captivating plot twists and compelling characters.
Educational Content,Tutorials and How-tos,Master the art of photography with our beginner's guide to DSLR cameras.
Educational Content,Academic Content,Exploring the impact of climate change on marine ecosystems: implications for biodiversity conservation.
Inspiration and Motivation,Motivational Videos,Watch this inspiring video on resilience and perseverance. Your journey matters!
Events and Announcements,Event Invitations,Inviting friends to join for a weekend beach cleanup event. Let's protect our oceans together.
Events and Announcements,Birthdays and Celebrations,Celebrating a milestone birthday surrounded by loved ones. Grateful for another year of blessings.
Food and Lifestyle,Recipes,Indulge in a decadent chocolate cake recipe: perfect for celebrations and special occasions.
Food and Lifestyle,Food Photography,Capturing the vibrant colors of farmers' market produce: nature's bounty on display.
Travel and Exploration,Travel Diaries,Documenting the beauty of a coastal road trip: stunning views and unforgettable memories.
Travel and Exploration,Adventure Stories,Embarking on a solo backpacking adventure through scenic mountain trails. Ready for the journey ahead.
News and Information,Breaking News,"OMG! Massive earthquake shook Cali, like a 6.5 on the Richter scale!"
News and Information,Health and Wellness,"Feeling meh today. Need some self-care ASAP! #mentalhealth"
News and Information,Sports,"Our team totally slayed the game last night! Championship vibes all the way!"
Personal Updates,Life Events,"Guess what? We're preggers! Excited for this new adventure. #blessed"
Entertainment,Memes and Humor,"Me trying to adult: *cries in overwhelmed* ğŸ˜‚ #adultingishard"
Entertainment,Celebrities and Gossip,"Did you hear? Celeb power couple back at it again. #relationshipgoals"
Product and Service Promotion,Advertising,"Our new skincare line is lit! Get that glow on fleek! âœ¨ #skincare"
Opinions and Discussions,Reviews,"Just binged the latest flick. It's fire! ğŸ”¥ Spoiler: the plot twist tho! ğŸ¤¯"
Educational Content,Tutorials and How-tos,"Learnin' to cook pasta like a boss with this dope tutorial! ğŸ #cheflife"
Inspiration and Motivation,Motivational Videos,"Check this vid out for some mad inspo. You got this, fam! ğŸ’ª #motivation"
Events and Announcements,Event Invitations,"Party at mine, this Friyay! Be there or be square. ğŸ‰ #partytime"
Food and Lifestyle,Recipes,"Whippin' up some bomb chocolate cake. Who's down for a slice? ğŸ° #yum"
Travel and Exploration,Travel Diaries,"Road trippin' through scenic routes. Views are lit AF! ğŸš—ğŸ’¨ #wanderlust"
News and Information,Breaking News,"Holy smokes! Earthquake rocked Cali, like a 6.5 on the Richter scale! ğŸ˜± #earthquake"
News and Information,Politics,"Did you catch that debate last night? Things got hella intense! #debatenight"
News and Information,Technology,"New iPhone drop is fire! Triple-camera setup and 5G? Sign me up! ğŸ”¥ğŸ“± #iphone15"
News and Information,Science,"Yo, scientists discovered a new deep-sea fish! It's lit, fam! ğŸŸğŸ”¬ #scienceiscool"
News and Information,Business and Finance,"Stock market's wild ride got me shook! ğŸ“ˆğŸ¤¯ #stockmarket"
News and Information,Health and Wellness,"Feeling kinda blah today. Need some self-care vibes. #selflove"
News and Information,Sports,"Our team crushed it last night! We're on fire! ğŸ”¥ğŸ† #winning"
Personal Updates,Life Events,"Big news, y'all! Got a bun in the oven! Baby on board! ğŸ‘¶ğŸ¼ #excited"
Personal Updates,Milestones,"Just hit 1000 followers! Y'all rock! ğŸ‰ğŸ™Œ #milestone"
Personal Updates,Personal Achievements,"Promotion hype! Moving on up in the world! ğŸ’¼ğŸ’ª #boss"
Personal Updates,Travel Experiences,"Eurotrip vibes! Living my best life, one city at a time. ğŸŒâœˆï¸ #wanderlust"
Personal Updates,Daily Activities,"Chillin' like a villain on this lazy Sunday. Netflix and snacks FTW! ğŸ¿ğŸ›‹ï¸ #lazyday"
Entertainment,Memes and Humor,"Current mood: zero chill. Adulting is overrated! ğŸ˜‚ #adulting"
Entertainment,Movies and TV Shows,"Binged the latest season of 'Stranger Things'. Mind. Blown. ğŸ™ŒğŸ¬ #strangerthings"
Entertainment,Music,"New album drop got me groovin' all night long! ğŸ¶ğŸ’ƒ #musiclover"
Entertainment,Celebrities and Gossip,"Spotted: celeb power couple reuniting for a cozy dinner date. #relationshipgoals"
Entertainment,Gaming,"Leveling up in the latest game release. Gamers, unite! ğŸ®ğŸ”¥ #gamerlife"
Product and Service Promotion,Advertising,"Check out our bomb new skincare line! Glow up, anyone? âœ¨ğŸ’ #skincare"
Product and Service Promotion,Product Launches,"Introducing our game-changing smart home device. Next-level living! ğŸ ğŸš€ #smarthome"
Product and Service Promotion,Sales and Discounts,"Flash sale alert! Get your shop on, peeps! ğŸ’¸ğŸ›ï¸ #sale"
Product and Service Promotion,Reviews and Testimonials,"Customers be lovin' our latest product! Check the hype! ğŸ™ŒğŸ”¥ #customerlove"
Product and Service Promotion,Sponsored Content,"Partnering with influencers to showcase our dope new collection. #sponsored"
Opinions and Discussions,Social Issues,"Let's talk about climate change, y'all. It's real and it's serious. ğŸŒğŸ”¥ #climatecrisis"
Opinions and Discussions,Debates and Controversies,"Debate's heating up over here! Grab some popcorn and settle in! ğŸ¿ğŸ”¥ #debate"
Opinions and Discussions,Polls and Surveys,"Running a poll on the best pizza toppings. Let's settle this once and for all! ğŸ•ğŸ“Š #pizza"
Opinions and Discussions,Reviews,"Just saw the new blockbuster. Spoiler: it's lit! ğŸ”¥ğŸ¿ #movienight"
Opinions and Discussions,Personal Opinions,"Rant alert: why does everyone hate pineapple on pizza? Let's discuss. ğŸğŸ• #pineapplepizza"
Educational Content,Tutorials and How-tos,"Learnin' to cook like a pro with these easy-peasy recipes! ğŸ³ğŸ‘©â€ğŸ³ #cheflife"
Educational Content,Educational Resources,"Free online courses to level up your skills! Let's get learnin'! ğŸ“šğŸ“ #alwayslearning"
Educational Content,Tips and Tricks,"Life hacks for days! Who knew adulting could be this easy? ğŸ’¡ğŸ’¼ #lifehacks"
Educational Content,DIY Projects,"Gettin' crafty with these DIY home decor ideas. Let's do this! ğŸ¨ğŸ”¨ #DIY"
Educational Content,Academic Content,"Latest study on sleep and productivity: the struggle is real, folks. ğŸ˜´ğŸ’¤ #sleepstudy"
Inspiration and Motivation,Quotes,"""Life's a journey, not a destination."" - Aerosmith ğŸš€âœ¨ #quoteoftheday"
Inspiration and Motivation,Inspirational Stories,"From zero to hero: read the inspiring story of resilience and triumph. ğŸŒŸğŸ“– #inspiration"
Inspiration and Motivation,Motivational Videos,"Check out this vid for some serious inspiration. You got this, fam! ğŸ’ªğŸ¥ #motivation"
Inspiration and Motivation,Personal Development,"Leveling up in life with these personal growth tips. Let's crush those goals! ğŸŒŸğŸ’¼ #personaldevelopment"
Inspiration and Motivation,Success Stories,"From rags to riches: the inspiring journey of a self-made entrepreneur. ğŸŒŸğŸ’° #successstory"
Events and Announcements,Event Invitations,"Party at my place this weekend! It's gonna be lit, don't miss out! ğŸ‰ğŸ¾ #partytime"
Events and Announcements,Announcements,"Big announcement dropping soon! Stay tuned for all the deets. ğŸ“¢ğŸ‘€ #announcement"
Events and Announcements,Birthdays and Celebrations,"Birthday bash alert! Let's celebrate another trip around the sun! ğŸ‚ğŸˆ #birthday"
Events and Announcements,Community Events,"Join us for a beach cleanup this Saturday. Let's save the planet, one plastic bottle at a time! ğŸŒŠğŸŒ #cleanup"
Events and Announcements,Fundraisers,"Help us raise funds for a good cause. Every little bit counts! ğŸ’¸ğŸ™ #fundraiser"
Food and Lifestyle,Recipes,"Cookin' up a storm with these mouthwatering recipes. Who's hungry? ğŸ½ï¸ğŸ”¥ #foodie"
Food and Lifestyle,Food Photography,"Food porn alert! Feast your eyes on these drool-worthy pics. ğŸ“¸ğŸ¤¤ #foodporn"
Food and Lifestyle,Restaurant Recommendations,"Found a hidden gem: authentic eats and good vibes only. Check it out! ğŸœğŸ» #foodiefind"
Food and Lifestyle,Fitness and Wellness,"Gettin' swole at the gym. No pain, no gain! ğŸ’ªğŸ‹ï¸â€â™‚ï¸ #fitfam"
Food and Lifestyle,Fashion and Style,"Slayin' the fashion game with these killer looks. Werk it, hunty! ğŸ’…"
Offensive,Insults,"You're such a loser, nobody likes you."
Offensive,Death Threats,"Go kill yourself, you're worthless."
Offensive,Personal Attacks,"I hope you get hit by a bus, you piece of trash."
Offensive,Body Shaming,"You're so ugly, no wonder you're single."
Offensive,Derogatory Language,"Shut up, you dumb bitch."
Offensive,Harassment,"You're a waste of space, just die already."
Offensive,Dehumanization,"You're nothing but a pathetic excuse for a human being."
Offensive,Fat Shaming,"You're so fat, go on a diet."
Offensive,Wishing Harm,"I wish you were never born, you ruin everything."
Offensive,Vulgarity,"You're a worthless piece of shit."
News and Information,Technology,"OMG! New iPhone is fire! Can't wait to cop one! ğŸ“±ğŸ”¥ #iphone15"
News and Information,Politics,"Bruh, did you see that debate last night? Things got mad heated! #debatenight"
News and Information,Science,"Yo, scientists just discovered a new species of alien-looking fish. It's lit! ğŸ ğŸ‘½ #scienceiscool"
News and Information,Business and Finance,"Stock market's on a rollercoaster ride! It's like a wild party up in here! ğŸ¢ğŸ’¸ #stockmarket"
News and Information,Health and Wellness,"New study says avocado toast is life. Time to brunch it up! ğŸ¥‘ğŸ #avolove"
News and Information,Sports,"That game last night was insane! The comeback was epic! ğŸ€ğŸ”¥ #sportsmania"
Personal Updates,Life Events,"Guess what, fam? I'm engaged! Ring emoji for the win! ğŸ’ğŸ’– #engagedlife"
Personal Updates,Milestones,"Hit 1K followers on the 'Gram! Feeling like a legit influencer now. ğŸ’¯ğŸ“¸ #instafamous"
Personal Updates,Personal Achievements,"Nailed my presentation at work today! #BossMoves ğŸ’¼ğŸ’ª"
Personal Updates,Travel Experiences,"Just booked tickets for a trip to Bali! Get ready for some serious vacay vibes! ğŸŒ´âœˆï¸ #wanderlust"
Personal Updates,Daily Activities,"Just vibin' with some good music and chill vibes. Life's good. ğŸ¶âœŒï¸ #chillaxin"
Entertainment,Memes and Humor,"Monday got me feeling like... ğŸ˜´ğŸ˜‚ #MondayBlues"
Entertainment,Movies and TV Shows,"Binge-watching 'The Mandalorian' like there's no tomorrow. Baby Yoda is life! ğŸš€ğŸ‘¶ #starwars"
Entertainment,Music,"New bop alert! Can't stop groovin' to this track! ğŸµğŸ’ƒ #musicaddict"
Entertainment,Celebrities and Gossip,"Spotted: celeb power couple living their best lives on a yacht. #relationshipgoals â›µğŸ’‘"
Entertainment,Gaming,"Leveling up my gaming skills like a boss. Noobs, beware! ğŸ®ğŸ”¥ #gamerlife"
Product and Service Promotion,Advertising,"Introducing our lit new streetwear collection. Fresh threads for the culture! ğŸ‘•ğŸ”¥ #streetstyle"
Product and Service Promotion,Product Launches,"Big news, fam! Our latest gadget just dropped. Get yours before it's gone! ğŸš€ğŸ“± #gadgetlover"
Product and Service Promotion,Sales and Discounts,"Flash sale alert! Get your swag on with 50% off storewide. Limited time only! ğŸ’¸ğŸ›ï¸ #bargainhunter"
Product and Service Promotion,Reviews and Testimonials,"Our customers be like: 'This product is fire!' ğŸ”¥ğŸ‘ #customerlove"
Product and Service Promotion,Sponsored Content,"Partnering with influencers to spread the word about our dope new collab. #ad ğŸ¤âœ¨"
Opinions and Discussions,Social Issues,"Let's talk climate change, people! It's time to save our planet. ğŸŒğŸŒ± #climateaction"
Opinions and Discussions,Debates and Controversies,"Debate's on fire over here! What's your hot take on the latest controversy? ğŸ”¥ğŸ—£ï¸ #debate"
Opinions and Discussions,Polls and Surveys,"Running a poll to settle the age-old debate: pineapple on pizza, yay or nay? ğŸğŸ• #pizza"
Opinions and Discussions,Reviews,"Just saw the new movie. Spoiler: it's lit! ğŸ¬ğŸ”¥ #movienight"
Opinions and Discussions,Personal Opinions,"Sharing my two cents on why Mondays should be banned. Who's with me? ğŸš«ğŸ™… #MondayBlues"
Educational Content,Tutorials and How-tos,"Master the art of pancake flipping with this step-by-step tutorial. ğŸ¥ğŸ‘©â€ğŸ³ #pancakeboss"
Educational Content,Educational Resources,"Unlock your full potential with our free online course on personal development. ğŸŒŸğŸ“š #selfimprovement"
Educational Content,Tips and Tricks,"Life hacks for days! Transform your life with these genius tips. ğŸ’¡ğŸ’ª #lifehacks"
Educational Content,DIY Projects,"Get crafty with these DIY home decor ideas. Make your space pop! ğŸ¨ğŸ  #DIYqueen"
Educational Content,Academic Content,"Latest research: chocolate is the key to happiness. Science, you've done it again! ğŸ«ğŸ˜Š #chocolatelover"
Inspiration and Motivation,Quotes,"""The only way to do great work is to love what you do."" - Steve Jobs ğŸ’¼ğŸŒŸ #quoteoftheday"
Inspiration and Motivation,Inspirational Stories,"From zero to hero: read the inspiring story of a self-made entrepreneur. ğŸš€ğŸ’ª #inspiration"
Inspiration and Motivation,Motivational Videos,"This video will give you the boost you need to crush your goals. You got this! ğŸ’ªğŸ¥ #motivation"
Inspiration and Motivation,Personal Development,"Committing to self-improvement and growth. Let's level up together! ğŸŒ±ğŸ’ª #growthmindset"
Inspiration and Motivation,Success Stories,"Celebrating the wins, big and small. Here's to many more victories! ğŸ‰ğŸŒŸ #successstory"
Events and Announcements,Event Invitations,"You're invited to our epic summer BBQ bash! Food, fun, and sun await! ğŸ”â˜€ï¸ #summerparty"
Events and Announcements,Announcements,"Big news alert! Stay tuned for an exciting announcement coming soon. ğŸš¨ğŸ“¢ #announcement"
Events and Announcements,Birthdays and Celebrations,"Happy birthday to the one and only! Let's party it up! ğŸ‚ğŸˆ #birthdaycelebration"
Events and Announcements,Community Events,"Join us for a beach cleanup this weekend. Let's keep our beaches beautiful! ğŸŒŠâ™»ï¸ #cleanupcrew"
Events and Announcements,Fundraisers,"Supporting a local charity fundraiser. Every donation makes a difference! ğŸ’°ğŸ™ #giveback"
Food and Lifestyle,Recipes,"Whippin' up some bomb tacos for Taco Tuesday! Who's hungry? ğŸŒ®ğŸ”¥ #tacotuesday"
Food and Lifestyle,Food Photography,"Foodie adventures: capturing drool-worthy pics of mouthwatering dishes. ğŸ“¸ğŸ¤¤ #foodporn"
Food and Lifestyle,Restaurant Recommendations,"Found a hidden gem: authentic eats and cozy vibes. Check it out! ğŸœğŸ· #foodiefind"
Food and Lifestyle,Fitness and Wellness,"Getting my sweat on at the gym. No pain, no gain! ğŸ’ªğŸ‹ï¸â€â™€ï¸ #fitlife"
Food and Lifestyle,Fashion and Style,"Slayin' the fashion game with these killer looks. Werk it, hunty! ğŸ’ğŸ‘— #fashionista"
Travel and Exploration,Travel Diaries,"Documenting my adventures around the world. Let's explore together! ğŸŒâœˆï¸ #wanderlust"
Travel and Exploration,Destination Recommendations,"Discovering hidden gems and sharing travel tips. Where to next? ğŸ—ºï¸ğŸŒ´ #travelinspo"
Travel and Exploration,Adventure Stories,"Embarking on epic adventures and living life to the fullest. Let's go! ğŸŒŸğŸŒ„ #adventureawaits"
Travel and Exploration,Travel Tips,"Pro traveler tip: always pack snacks. Hungry adventures are no fun! ğŸ«ğŸ’ #traveltips"
Travel and Exploration,Cultural Experiences,"Immersing myself in different cultures and embracing new experiences. ğŸŒğŸ­ #culturalexchange"
